locality,2009,2010,2011,2012,2013,2014,2015,2016,2017,2018,2019,2020,
ABBOTSFORD,652000,736000,730000,714000,792500,862500,925000,1187500,1280000,1192500,1030000,1150000,
ABERFELDIE,786500,1046500,994000,852500,947500,1045000,1207500,1300000,1453000,1500000,1390000,1592500,
AINTREE,-,-,-,-,-,-,680500,640000,571500,580000,610000,675000,
AIREYS INLET,515000,606000,680000,634000,664000,625500,680000,715000,737500,869000,985000,1005000,
AIRPORT WEST,456000,575000,557500,495000,532000,575000,635000,742000,845000,847500,790000,900000,
ALBANVALE,280000,320000,317000,310000,313000,326500,345000,439000,526500,546000,512000,563000,
ALBERT PARK,1050000,1167500,1390000,1265000,1360000,1503000,1700000,1775000,2150000,2070000,1965000,1110000,
ALBION,349000,440000,400000,379500,379000,432000,481000,593000,730000,755000,675000,765000,
ALEXANDRA,220000,230000,255000,239000,261000,247500,285000,275000,291500,335000,325500,385000,
ALFREDTON,300000,316000,333000,340000,361500,362000,340500,375000,412500,439000,480000,500000,
ALLANSFORD,242500,250500,332000,257500,310000,242500,259000,275000,280000,245000,300000,313000,
ALPHINGTON,836500,1000000,985000,1000000,1080000,1029000,1296500,1240500,1749000,1710000,1570000,1410000,
ALTONA,499000,628500,575000,570000,575000,646500,718000,825000,950000,932500,882500,888500,
ALTONA EAST,432500,571000,523000,550000,561000,605000,650000,795000,885000,895000,842500,852500,
ALTONA MEADOWS,350000,385000,395000,375000,390000,415000,440000,495000,625000,631500,617500,650000,
ALTONA NORTH,419000,515000,520000,484000,510000,555000,645000,726000,828000,840000,788500,845000,
ANGLESEA,512500,580000,600500,587500,550000,612500,635000,652500,788000,861000,905000,1015000,
APOLLO BAY,430000,442500,495000,432500,450000,460000,435000,480000,545000,550000,597500,680000,
ARARAT,159500,174000,169000,165000,180000,200000,210000,204500,200000,199000,216500,228000,
ARDEER,311000,382500,360000,342500,330000,360000,381500,517500,595000,629000,571500,590000,
ARMADALE,1605000,1800000,1615000,1500000,1675000,1750000,2172500,2367500,2300000,2341500,2462500,2325000,
ARMSTRONG CREEK,-,-,205000,362500,467500,441500,440000,450000,471000,535000,540000,530500,
ASCOT (GREATER BENDIGO),278000,330000,323500,350000,349500,344500,349000,370000,358000,380000,415500,454000,
ASCOT VALE,625500,750000,735000,701500,735000,810000,885000,1020000,1192500,1200000,1088500,1102000,
ASHBURTON,790000,985000,890000,870000,1000000,1200000,1435000,1567500,1812500,1712500,1651000,1480000,
ASHWOOD,640000,760000,749000,681000,775000,888000,1140000,1230000,1359000,1210000,1100000,1099000,
ASPENDALE,547500,637500,630000,610000,620000,690000,795500,891000,1125000,980000,994000,1167500,
ASPENDALE GARDENS,498500,581000,550000,552000,586500,632000,715000,775000,882500,935000,844000,898500,
ATTWOOD,485000,576000,592000,500000,540000,515000,620000,660000,742500,750000,767500,672500,
AVENEL,212500,268500,221500,230500,231000,302000,245000,250000,355000,349000,370000,445000,
AVOCA,133000,144000,151000,181500,182500,180000,182500,165000,212500,220000,219500,320000,
AVONDALE HEIGHTS,460000,576000,538000,536000,532500,560000,650000,750000,845500,830000,810000,841000,
AVONSLEIGH,309000,321500,385500,345000,420000,355000,397500,501000,562000,540000,532500,NA,
BACCHUS MARSH,279000,305000,330000,325000,335500,348000,355000,376000,415500,480000,500000,490000,
BADGER CREEK,266500,295000,295000,295000,315000,325000,345000,379000,465000,500000,498000,518500,
BAIRNSDALE,218000,230000,235000,231000,235000,244000,246500,255000,270000,276000,274000,290000,
BALACLAVA,750000,916000,793500,717500,860500,942000,1100000,1242500,1385500,1196000,1310000,1430000,
BALCOMBE,539000,655000,718500,686000,712500,737000,871000,950000,1100000,1240000,1109000,1007500,
BALLAN,250000,260000,310000,305000,352000,330000,359000,370000,417000,462000,450000,505000,
BALLARAT CENTRAL,251000,280000,320000,313500,322000,327500,353000,385000,430000,446500,520000,590000,
BALLARAT EAST,205000,225500,245000,255000,265000,265000,275000,295000,310000,340000,360000,375500,
BALLARAT NORTH,230000,272000,275000,280000,296000,312000,315000,339500,346500,389000,413500,425000,
BALNARRING,388500,480000,472500,501500,525000,544000,595000,670000,815000,814500,825000,985000,
BALNARRING BEACH,710000,787500,630000,660000,750000,700000,887500,904000,890000,1115000,1275000,1175000,
BALWYN,1279500,1450000,1363000,1295000,1530000,1782500,2210000,2180000,2335500,2420000,2392500,2321500,
BALWYN NORTH,981000,1141000,1100000,997500,1240000,1452000,1850000,1800000,1950000,1810000,1700000,1910000,
BANNOCKBURN,305000,342500,378000,351500,370000,405000,389000,382000,430000,487500,529000,580000,
BARANDUDA,312000,353000,340000,340000,345000,330000,323000,350000,350000,403500,395000,449000,
BARNAWARTHA,191500,169000,220000,222000,245000,220000,305000,245000,312000,280000,316000,432500,
BARWON HEADS,505000,615500,607500,632500,742500,715000,773000,842500,920500,965000,1007500,1130000,
BAXTER,282500,317000,320000,315000,330500,325000,340000,403000,530000,542500,530000,541500,
BAYSWATER,372000,453500,447500,426500,458500,525000,632500,693000,801000,753000,715000,750500,
BAYSWATER NORTH,371500,450000,436000,426500,468500,490000,580000,628000,735000,713000,695000,759500,
BEACONSFIELD,417500,460000,505000,511500,486500,525000,559000,585000,694500,730000,690000,762500,
BEACONSFIELD UPPER,376500,472000,437500,535000,470000,507500,602500,630000,725500,903500,787500,815000,
BEAUFORT,167500,174500,142500,186000,186000,220000,205000,237500,220000,225000,242500,329000,
BEAUMARIS,918500,1107500,1050000,997000,1074000,1129500,1345000,1455000,1611000,1674000,1582500,1610000,
BEEAC,148000,121500,197500,216000,157500,162500,158000,148000,200500,191500,195000,NA,
BEECHWORTH,260000,310500,320000,304500,295000,295000,332000,345000,399000,400000,472000,480000,
BELGRAVE,370000,380000,375000,390000,410000,426000,482500,545000,620000,676000,636000,664000,
BELGRAVE HEIGHTS,363500,425000,382000,399000,430000,480000,590500,624000,687500,701500,685000,702500,
BELGRAVE SOUTH,340000,490000,475000,447500,548000,541000,555500,565000,689000,782500,665500,NA,
BELL PARK,257500,290000,315000,290500,314000,323500,340000,360000,400000,452500,482000,510000,
BELL POST HILL,273500,310000,320000,328000,328000,333500,344500,355000,435000,487000,475000,567500,
BELLBRIDGE,290000,316500,280000,318000,297500,355000,285000,330000,347500,395000,368500,524500,
BELLFIELD (BANYULE),459500,575000,550500,510000,516000,582500,700000,778000,897000,879500,770000,735000,
BELMONT,288000,338000,345000,350000,360000,362000,395000,430000,500000,545000,545000,570000,
BENALLA,210000,220000,225000,216500,228000,235500,222500,231500,250000,284000,290000,260000,
BENDIGO,235000,295000,290000,335000,340000,376500,372000,400000,400000,400000,420000,432500,
BENTLEIGH,745000,910000,882000,820000,900000,1050000,1245000,1380000,1470000,1397500,1382500,1432500,
BENTLEIGH EAST,639500,760000,720000,680000,750000,850000,1000500,1115000,1256000,1205000,1200000,1261000,
BERWICK,382000,450000,440000,451000,453000,487500,535000,583000,670000,691500,673500,701500,
BEULAH,80000,68000,69000,75000,42500,101000,65000,65000,96000,120500,77000,81000,
BEVERIDGE,-,522500,416500,412500,396000,351500,400000,430000,495000,552500,610000,610000,
BIRCHIP,62000,67500,77000,87500,120000,90000,121500,55000,100000,100000,107500,115000,
BIRREGURRA,250000,230000,260000,260000,255000,337500,302500,349000,382500,355000,463000,507500,
BITTERN,304000,352000,365000,382500,402000,390000,382500,464000,526500,650000,577500,620000,
BLACK HILL,242000,263500,292000,260000,283500,321500,296500,315000,370000,405000,495000,420000,
BLACK ROCK,1251500,1390000,1237500,1175000,1225000,1400000,1545000,1745000,2017500,2029000,1777500,1617500,
BLACKBURN,700500,850000,786000,750000,860500,936000,1200500,1241000,1410500,1370500,1300000,1380500,
BLACKBURN NORTH,540000,659000,617500,609000,692000,790000,921500,1040000,1140500,1038000,1010000,1116500,
BLACKBURN SOUTH,547000,670000,636500,632000,697500,780000,920500,1050000,1200000,1050000,1038000,1170000,
BLACKWOOD,261500,260000,263000,245000,310000,266000,260000,291000,403000,326500,372500,NA,
BLAIRGOWRIE,520000,625000,600000,580000,609000,627500,621500,770000,883000,986000,925000,955000,
BLIND BIGHT,321000,337500,358000,319000,362500,343000,401000,440000,514000,546000,552500,630000,
BONBEACH,502000,585000,555000,535000,580000,635000,700000,778000,882500,910000,850000,903000,
BONNIE DOON,182500,210000,215000,262500,250000,275000,290000,290000,315000,417500,420000,290000,
BONSHAW,-,-,-,-,-,309000,309000,322500,235000,375000,389000,448000,
BOOLARRA,172000,178000,209000,190000,196500,260000,212500,202500,255000,250000,245000,NA,
BOORT,106000,157000,164000,107000,157500,162500,130000,200500,215000,180000,185000,136500,
BORONIA,382000,450000,440000,430000,459500,500500,592500,648500,735000,742500,684500,725000,
BOTANIC RIDGE,472500,520000,475000,500000,492000,519000,565000,600000,690000,730000,700000,693000,
BOX HILL,780000,874000,975000,852000,855000,1067000,1350000,1360500,1752500,1700000,1528000,1620000,
BOX HILL NORTH,605000,726000,678000,648500,746000,856500,1060000,1146000,1321000,1188000,1200000,1272500,
BOX HILL SOUTH,601000,823000,770000,715000,785000,910000,1153000,1255000,1409000,1285500,1154000,1370000,
BRAYBROOK,375000,460000,443000,396000,424000,479500,550000,629000,665500,719000,630000,690000,
BREAKWATER,220000,250000,252500,242500,255000,251500,267500,277500,335000,385000,405000,NA,
BRIAGOLONG,180000,205000,225000,215000,226000,200000,215000,265000,257000,264000,315000,NA,
BRIAR HILL,450000,580000,545500,541000,572500,633000,680000,721500,833000,880000,817000,962000,
BRIGHT,297500,311500,335000,340000,325000,349000,392500,429500,495000,590000,580000,645000,
BRIGHTON,1700000,1810000,1720000,1789500,1802500,1940000,2302500,2740000,3050000,2879000,2600000,2825000,
BRIGHTON EAST,1071000,1255000,1100000,1075000,1230000,1300000,1600000,1750000,1900000,1880000,1700000,1732500,
BROADFORD,223000,248500,260000,268500,291000,267000,270000,287500,330000,396500,417500,439000,
BROADMEADOWS,320000,384000,357000,320000,325000,345000,370000,416500,546000,575000,526000,556500,
BROOKFIELD,307500,333500,341000,332000,330000,350500,340000,360000,425000,491500,445000,488500,
BROOKLYN,411500,486500,485000,470000,491500,540000,602000,700500,834000,695000,672500,605000,
BROWN HILL,228000,261000,258500,300000,310000,281500,270000,338000,350000,405000,449000,439500,
BRUNSWICK,610000,710000,670000,673000,750000,815000,860500,946000,1200000,1097500,1030000,1208000,
BRUNSWICK EAST,635000,700000,700000,713000,767000,819500,888000,998000,1150000,1170000,995500,1085000,
BRUNSWICK WEST,601000,728000,701500,685000,745000,790000,866500,1005000,1155000,1160000,1061000,1096500,
BRUTHEN,187500,226000,204000,175000,198000,182500,205000,207000,229500,261000,229000,215000,
BULLEEN,640000,728000,722500,707000,780000,861000,1095000,1170000,1300000,1230000,1100000,1245000,
BUNDALONG,430000,390000,500000,385000,337500,336500,372500,425000,373000,462000,515000,425000,
BUNDOORA,413500,500000,490000,485000,530000,553500,600500,651000,754000,730000,727500,775000,
BUNINYONG,270000,322500,307500,376500,349000,385000,364500,381000,470000,465000,475000,500000,
BUNYIP,282500,292500,340000,342500,332500,325000,420000,357500,437500,550000,501000,470000,
BURNLEY,731000,800000,810000,797500,836000,1100000,999000,1215000,1405000,1305000,1188500,1902500,
BURNSIDE,345000,395000,410000,385000,390000,401000,415000,518500,572500,605000,605000,645000,
BURNSIDE HEIGHTS,350000,405000,405000,420000,427000,442500,460000,522000,590000,633000,591000,600000,
BURWOOD,675000,778000,799000,765000,780000,921000,1190000,1219000,1357000,1320000,1165000,1183000,
BURWOOD EAST,570000,678000,630000,617000,685500,782000,982500,1021000,1126500,1048000,1020000,1125500,
CAIRNLEA,390000,463000,478500,440000,480000,545000,540000,608500,710000,734000,752500,762500,
CALIFORNIA GULLY,209000,209500,240000,255000,252500,262000,256500,255000,250000,275000,289000,318000,
CAMBERWELL,1155000,1345000,1322000,1300000,1382000,1655000,1912500,2090000,2300000,2155000,2100000,1800000,
CAMPBELLFIELD,320000,385000,360000,330000,330000,338000,374500,420000,507000,550000,534500,500000,
CAMPBELLS CREEK,247500,316000,340000,343500,382000,345000,387500,426500,380000,460500,500000,495000,
CAMPERDOWN,177500,185000,180000,183500,220000,186000,218000,217500,240000,235000,280000,250000,
CANADIAN,251000,302500,298000,290500,322500,297000,345000,339000,334500,373000,377500,407000,
CANN RIVER,104000,87000,83500,150000,140000,120000,80000,148500,135000,126500,125000,122000,
CANTERBURY,1680000,1827500,1730000,1790000,1950000,2100000,2523000,2620000,3140000,2536500,2832500,2250000,
CAPE PATERSON,312000,332500,420000,348000,337000,332000,350000,358000,407500,442000,540000,659000,
CAPE SCHANCK,520000,545000,477500,655000,620000,557500,660000,667500,972500,845000,940000,1018500,
CAPEL SOUND,307500,355000,375000,330000,350000,366000,390000,445000,542500,550000,515000,625000,
CARISBROOK,151000,202000,134500,192500,218500,238500,200000,200000,245000,232500,300000,257000,
CARLTON,800000,900000,1055000,860500,1002500,1020000,830000,1050000,1470000,1600000,1306000,1500000,
CARLTON NORTH,785000,930000,833000,940000,890500,1095000,1177500,1360000,1628000,1445000,1555000,1397500,
CARNEGIE,787500,880000,905500,845000,865000,1007500,1300000,1348500,1510000,1445000,1310000,1336000,
CAROLINE SPRINGS,365000,407500,420000,427500,435000,460000,480000,530000,611000,620000,620000,631500,
CARRUM,435000,500000,492500,499000,510000,536000,611000,750000,846000,860000,770000,900000,
CARRUM DOWNS,298000,330000,345000,334000,330000,346000,370000,430000,530000,575000,537500,577500,
CASTERTON,101500,117500,106500,110000,97500,99000,100000,126500,142000,132500,150000,169000,
CASTLEMAINE,255000,300000,322500,338000,372500,369500,380000,410000,435000,499000,520000,579000,
CAULFIELD,945000,1180000,1150000,1085000,1172500,1322000,1650000,1715000,1914000,1701000,1658000,2082500,
CAULFIELD EAST,855000,866000,760000,750000,845000,1168000,1167500,1300000,1500000,1322500,1372500,1748500,
CAULFIELD NORTH,1200000,1420000,1350000,1330000,1415000,1480000,1875000,2181000,2290000,1960000,2100000,2205000,
CAULFIELD SOUTH,850000,1007500,930000,890000,1050000,1200000,1375000,1517500,1690000,1600000,1488000,1720000,
CHADSTONE,570000,670500,625000,595000,719000,823500,925000,1017500,1132000,1050000,1000000,1229000,
CHARLEMONT,-,560000,560000,560000,560000,560000,560000,560000,157000,455000,465000,540000,
CHARLTON,89000,125000,117000,123000,120000,131000,179500,160000,136000,150000,147000,215000,
CHELSEA,483000,585500,525000,545000,577500,580000,730000,890000,914000,905000,857500,880000,
CHELSEA HEIGHTS,405500,445000,454000,440000,465000,513000,598000,641000,750000,778000,750000,825000,
CHELTENHAM,595500,696000,644000,635500,695000,775000,866000,940500,1171000,1105000,1035500,1200000,
CHELTENHAM EAST,533000,630000,580000,545000,600000,670000,770000,867500,982500,940000,940000,1020000,
CHELTENHAM NORTH,550000,651000,581500,570000,584000,662000,750000,900000,1025000,925000,858000,967500,
CHEWTON,220000,258000,255000,230500,312500,296000,369000,403500,320000,435000,439500,576000,
CHILTERN,227000,189000,202000,208000,171500,187500,220000,250000,238500,260000,223500,265000,
CHIRNSIDE PARK,406000,449500,464000,435500,450000,490500,542500,627000,735000,700000,685000,752500,
CHUM CREEK,290000,400500,402000,334000,350000,500000,435000,418000,534500,603000,575000,567500,
CHURCHILL,150000,172000,170000,176500,182000,178500,172500,182000,175000,180000,185000,230000,
CLARINDA,476000,530000,530000,475500,525000,606500,682500,751000,866000,800000,815000,835000,
CLAYTON,560000,650500,617000,572500,645000,750000,976000,1010500,1255000,1255000,1100500,1121000,
CLAYTON NORTH,580500,745500,619500,649000,630000,850000,1075000,1100000,1234500,1335000,1405000,NA,
CLAYTON SOUTH,463000,550500,511000,470500,522500,580000,690000,755000,850000,850000,832000,736500,
CLIFTON HILL,751000,825000,780000,801500,865000,965000,1085000,1220000,1390000,1360000,1352500,1432000,
CLIFTON SPRINGS,278500,318000,340000,325000,336000,342000,345000,365000,419000,472000,485000,517000,
CLUNES,164000,187500,199000,196500,219000,237500,245000,255000,263000,345000,330000,285000,
CLYDE,340000,361500,515000,272500,397000,406000,397000,435000,430000,507500,549000,569500,
CLYDE NORTH,-,-,300000,395000,409000,380000,410000,491000,550000,600000,584500,596500,
COBBLEBANK,-,-,-,400000,335500,323000,318000,328000,374000,455500,480500,465000,
COBDEN,180000,220000,200000,186500,162500,145000,178500,177000,263000,225000,237000,267500,
COBRAM,224000,212000,207500,220000,218000,230000,236000,265000,255000,255000,272500,304000,
COBURG,535500,640000,611000,594000,633000,710000,778000,876000,1000000,970000,931000,1140000,
COBURG EAST,469000,544000,510000,466500,560000,597500,675000,762500,861000,841500,823500,941000,
COBURG NORTH,455000,533000,540000,489500,538500,600000,665000,780000,821000,814000,812500,915000,
COCKATOO,290000,312000,325000,333500,355000,365000,385500,430000,539500,591000,580000,596000,
COHUNA,161500,137000,170000,140000,139000,175000,175000,157500,180000,177500,205000,220500,
COLAC,205000,213000,215000,225000,226500,235000,246500,259500,282500,320000,315000,339000,
COLDSTREAM,338500,395000,377500,368000,385000,405000,441000,521000,597500,660000,635000,656000,
COLERAINE,120000,95000,124000,109500,118000,95000,96000,90000,134000,114000,136000,110000,
COLLINGWOOD,610000,751500,697500,734000,741000,775000,914000,920000,1205000,1110000,1050000,1215000,
CONNEWARRE,690000,850000,707500,810000,612500,722500,800000,892000,955000,1200000,1345000,1085000,
COOLAROO,265000,315000,304000,278000,290000,290000,302500,340000,451000,480000,441000,480000,
COONANS HILL,566000,690000,630000,606500,655000,732000,743000,870000,963000,927000,902500,1047500,
COONGULLA,140000,163000,250000,156000,150000,205000,189000,185000,192000,242000,335000,310000,
CORINELLA,277000,325000,282500,290000,330000,270000,370000,325000,391000,450000,357500,660000,
CORIO,196500,225000,225000,230000,230000,242000,240000,250000,305000,370000,354000,365000,
CORONET BAY,205000,245000,261500,222500,251000,249000,240000,266000,325500,345000,365000,375000,
CORRYONG,142500,128000,155000,152500,166500,135000,160000,164000,180000,162500,236000,200000,
COWES,355000,400000,372500,380000,387500,358500,417500,402500,437500,540000,560000,525000,
COWES WEST,277500,318500,350000,345000,320000,350000,329000,353500,390000,485500,508500,472500,
CRAIGIEBURN,327000,365000,360000,350000,360000,362000,390000,425000,502500,547000,530000,545000,
CRANBOURNE,280000,327000,325000,313000,315000,331500,360000,406000,510000,540000,500000,516500,
CRANBOURNE EAST,328000,353000,368000,370000,390000,410000,437000,460000,535000,574000,565000,560000,
CRANBOURNE NORTH,320000,355000,361000,370000,370000,375000,410000,455000,541000,600000,570000,570000,
CRANBOURNE WEST,282000,310000,319000,320000,330000,335000,350000,410000,510500,540000,520000,532500,
CREMORNE,682000,835000,735000,701000,821000,886500,1030000,1072000,1230000,1420000,1267000,1665000,
CRESWICK,196500,214000,223000,245000,245000,270000,265000,292500,310000,330000,345000,370000,
CRIB POINT,279000,347500,330000,350000,355000,339000,350000,402000,502500,555000,527500,597500,
CROYDON,396500,465000,465000,450000,470000,525000,605000,695000,810000,787500,732500,762500,
CROYDON HILLS,475500,549500,532000,538000,571500,606000,697000,730000,875000,877500,835000,927500,
CROYDON NORTH,471000,527500,505500,520000,540500,600000,702500,790500,872000,840000,825000,895000,
CROYDON SOUTH,390500,455000,435500,436500,442000,530000,600000,655000,800000,757500,716000,706000,
CURLEWIS,-,-,153000,153000,387000,382500,387000,406500,430000,495000,560000,546000,
DALLAS,290000,320000,305000,276500,280000,295000,321500,345000,430000,490000,451500,480000,
DALYSTON,200000,271000,281500,210000,245000,260000,257000,255000,273500,305000,373000,350000,
DANDENONG,346000,430000,400500,400000,405000,439000,485000,555500,619000,640000,602000,630000,
DANDENONG NORTH,340000,400000,395000,370000,390000,415500,481000,551000,633500,640000,605000,636000,
DARLEY,256500,330000,325000,340500,330500,360000,377500,371500,430000,505000,520000,535000,
DARTMOOR,148000,84000,105000,58000,64000,129000,61000,115000,75000,125000,157500,NA,
DAYLESFORD,290000,372500,351500,384500,385000,401500,442500,464000,502000,550000,590000,650000,
DEANSIDE,-,-,-,-,-,-,-,-,340000,352500,-,NA,
DEEPDENE,1790500,1930000,2046500,1875000,1981000,2215000,2750000,2600000,2862500,2692500,2758000,NA,
DEER PARK,306000,355000,357000,345000,348000,365000,390000,441000,552500,580000,550000,585000,
DELACOMBE,260000,263000,278500,285000,280000,292000,290000,319000,325000,360000,390000,368000,
DELAHEY,310000,365000,370000,360000,372500,370000,400000,458000,545000,575000,530000,602000,
DENNINGTON,280000,329000,349000,323500,320000,315000,345000,342500,345000,355000,360000,427500,
DERRIMUT,367000,395000,418000,410000,417000,435000,466000,530000,635000,615000,649000,637500,
DERRINALLUM,143000,180000,157500,160000,97000,174000,125000,150000,162000,122500,221500,158500,
DIAMOND CREEK,441000,515000,515000,490000,513000,550000,580000,646500,755000,782500,751500,749500,
DIGGERS REST,240000,266500,285000,279000,280000,325000,325000,360000,440500,500000,515000,500000,
DIMBOOLA,90000,85500,107500,90000,89000,90500,109500,116000,122500,130000,120000,129000,
DINGLEY VILLAGE,469500,553000,540000,515000,553500,607000,690000,775500,887000,840500,810000,940000,
DINNER PLAIN,455000,475000,450000,410000,390000,309000,359000,400000,412500,510000,520000,452500,
DONALD,92500,135000,165000,104000,140000,120000,125000,145000,122000,145000,135500,154500,
DONCASTER,689000,795000,770000,720000,850000,999000,1176000,1297500,1380000,1300000,1251500,1260000,
DONCASTER EAST,630000,750000,720000,682000,789000,894500,1113500,1230000,1357500,1221500,1190000,1317500,
DONVALE,601000,715000,712500,681000,735000,840000,964000,970000,1201000,1182500,1121000,1360000,
DOREEN,375000,430000,460000,450000,415000,430000,440000,470500,550000,601000,597500,606500,
DOVETON,268500,330000,322000,290000,302000,310500,348000,405000,490000,542500,470000,494000,
DROMANA,385000,446500,455000,451000,462000,492000,552000,583000,690000,785500,715500,680000,
DROUIN,243000,275500,289000,290000,300000,311000,320000,347000,390000,455000,440000,470000,
DRYSDALE,306000,355000,425000,360000,385000,405000,410000,409000,436000,510000,572500,615000,
DUNKELD,210000,180000,245000,179000,210000,177500,191500,207500,210000,297500,225000,305000,
DUNOLLY,132500,120000,145000,159000,182500,170000,167500,180000,179000,206500,234500,209000,
EAGLE POINT,237000,236000,301500,237000,227000,281500,335000,267500,250000,309000,360000,425000,
EAGLEHAWK,215000,226000,240000,260000,264000,274000,283000,270000,295000,315000,321500,335000,
EAGLEMONT,1455000,1330000,1500000,1343500,1340000,1522500,1730000,1895500,1963000,1950000,1799000,1777500,
EAST BAIRNSDALE,195000,195000,176500,190000,226000,160000,202500,212500,222000,225000,235000,335000,
EAST BENDIGO,225500,262500,267000,295000,285000,330000,300000,303500,335000,318000,390000,387000,
EAST GEELONG,334000,400000,400000,395000,450000,427000,440000,512500,600000,637000,625000,760000,
EAST MELBOURNE,1680000,1621000,1737500,2480000,1790000,1850000,2750000,3655000,3585000,2675000,3413500,2350000,
EAST WARBURTON,250000,285000,332500,282500,289500,275000,305000,369000,392500,428500,446500,544500,
EASTWOOD,310000,330000,334000,332000,335000,342000,335000,357500,380000,385000,410000,395000,
ECHUCA,255000,271000,278000,270000,285000,285000,300000,310000,320000,365000,370000,382000,
EDENHOPE,83000,132500,100000,106000,160000,130000,115000,144500,160000,147000,173000,NA,
EDITHVALE,485000,616000,590000,625000,615000,670000,766000,930000,1058500,1047500,954000,1125000,
EILDON,176000,190000,180000,185000,210000,205000,208500,210000,225000,258000,251500,282500,
ELLIMINYT,265000,335000,260000,323000,332000,313000,318000,364000,366500,385000,445000,380000,
ELMORE,162000,182500,188000,160000,184000,176000,200000,220000,162000,227500,235000,235000,
ELSTERNWICK,985000,1240000,1200000,1155000,1365000,1315000,1621000,1723500,2087500,1955000,1750000,2001000,
ELTHAM,522000,615000,625000,591500,631500,670000,750000,820000,930000,942500,925000,897500,
ELTHAM NORTH,496500,621000,627000,580500,622000,680000,758000,850500,900000,930500,930000,1006000,
ELWOOD,1120000,1350000,1150000,1287500,1346000,1412500,1631000,1830000,1900000,2140000,1952500,1750000,
EMERALD,372500,433500,415000,410500,440000,449500,502000,545000,660500,730000,660000,737500,
ENDEAVOUR HILLS,356000,400000,400000,390000,400000,432000,496500,550000,630500,651000,620000,676000,
EPPING,343000,380000,385000,365000,366500,386500,400000,455000,557500,600000,550000,560000,
EPSOM,260000,275000,325000,315000,322500,342500,340000,340000,352000,357000,371500,410000,
ESSENDON,790000,952000,895000,920000,870000,942000,1228000,1365000,1408500,1666000,1447000,1175000,
ESSENDON NORTH,651000,850000,875500,686000,725000,840000,808000,875000,1105000,1092500,1100000,1327500,
ESSENDON WEST,680000,745000,742500,720000,720000,785000,920000,962500,1296000,1221000,1160000,995000,
EUMEMMERRING,320000,378000,350000,327500,353000,365000,408500,450500,517500,622000,540000,556500,
EUREKA,241000,245000,257500,237000,243500,259000,247500,275000,251500,315500,360000,315000,
EUROA,175000,167000,185000,215000,208000,230000,235500,265000,239000,270000,309000,327500,
EYNESBURY,525000,295000,360000,400000,390500,390000,403500,459000,484000,550000,558500,540000,
FAIRFIELD,677500,810000,800000,825000,915000,945000,1111500,1303000,1496000,1316000,1290000,1390000,
FAIRHAVEN,725000,866000,715000,990000,785000,955000,897500,1052500,880000,1020000,1395000,1400000,
FAWKNER,385000,460000,439000,406500,410000,444000,510000,587500,705500,720000,665000,708500,
FERNTREE GULLY,380000,449000,430500,429500,451000,505000,599000,660000,749000,732500,692000,742000,
FERNY CREEK,475000,580000,525000,456000,497500,492500,621000,750000,798000,830000,733000,925000,
FINGAL,520000,515000,700000,600000,677500,730000,857500,840000,1000000,1350000,1240000,1415000,
FITZROY,780000,805500,880000,918500,945000,1130000,1300000,1600000,1625000,1450000,1392500,1135500,
FITZROY NORTH,740000,900000,855000,868000,976000,1014000,1180000,1279000,1450000,1475000,1377500,1590000,
FIVEWAYS,320000,318500,290000,343500,355000,315000,380000,417500,525000,542500,485000,490000,
FLEMINGTON,580500,670000,655000,652000,735500,730000,830000,918000,1100000,926500,1000000,1107500,
FLINDERS,655000,760000,822000,710000,765000,808000,839000,1225000,1525000,1697500,1670000,1300000,
FLORA HILL,225000,266000,285000,309000,310000,323500,321000,325000,335000,352500,370000,389000,
FLOWERDALE,234500,180000,286500,250000,292500,172500,255000,237500,310000,390000,290000,420000,
FOOTSCRAY,505000,574000,568000,568000,600000,645000,690500,775000,882000,899000,810000,920000,
FOREST HILL,503000,620000,560000,565000,650500,720500,892000,933500,1060000,935000,900000,1004000,
FOSTER,222000,265000,265000,269500,298000,315000,325000,315000,320000,333500,325000,362500,
FRANKSTON,315000,367000,357000,340000,350000,372000,426000,475000,600000,605000,580500,611500,
FRANKSTON NORTH,237000,280000,277000,245000,255000,269000,297000,352000,470000,502000,423000,455000,
FRANKSTON SOUTH,453000,530000,533500,510000,535000,560000,620000,690000,815500,855000,817500,785000,
FRASER RISE,-,-,-,634500,455000,490000,465000,483000,540000,615000,598000,635000,
FYANSFORD,-,-,425000,310000,386500,478000,688000,592500,610000,650000,617500,750000,
GARDEN CITY,900000,1062500,912500,965000,1055000,1055000,1320000,1440000,1650000,1507500,1375000,NA,
GARDENVALE,825000,1200000,1133000,956000,1150000,1180000,1348000,1857500,1880000,1830000,1740000,NA,
GARFIELD,275000,342500,345000,335000,405000,355000,370000,405000,419000,540000,540000,585000,
GEELONG,390000,465000,475000,463000,500000,512000,607500,590000,735000,750000,720000,750000,
GEELONG WEST,347500,385000,405000,410000,440000,469000,490000,543500,656500,711000,675000,780000,
GEMBROOK,300000,340000,385000,349000,344000,400000,440000,525000,565000,610000,650000,630000,
GISBORNE,350000,399000,430000,429500,496000,510000,550000,635000,655000,770000,730000,720000,
GLADSTONE PARK,354000,426500,385000,380000,392500,400000,460000,525000,645000,630000,636500,660000,
GLEN HUNTLY,835500,919000,805000,792500,977500,1135000,1350000,1330000,1415000,1225000,1380000,NA,
GLEN IRIS,1026500,1320000,1200000,1200000,1310000,1500000,1800000,1935000,2025000,1940000,1929500,1860000,
GLEN WAVERLEY,660000,735000,718000,720000,815000,960000,1212500,1220500,1340000,1300000,1270000,1235000,
GLENGARRY,225000,250000,231000,232000,232500,283000,286000,277500,310000,300000,324000,342500,
GLENROWAN,236000,286000,290000,246000,230000,239000,225000,272500,300000,265000,372500,NA,
GLENROY,420000,508500,457500,437500,454000,500000,560000,600000,740000,725000,700000,740000,
GOLDEN BEACH,152500,150000,229000,206000,169500,172500,180000,212500,209500,225500,220000,310000,
GOLDEN POINT (BALLARAT),210000,250000,258000,250000,265000,265000,259000,295000,305000,347500,370000,385000,
GOLDEN SQUARE,223000,262000,270000,285000,295000,305000,306000,315000,320000,334000,340000,352000,
GORDON,262500,270000,300000,229500,278500,303000,290000,330000,404000,402500,495000,649500,
GOUGHS BAY,183000,193000,180000,220000,257500,247500,265000,235000,257500,345500,299500,500000,
GOWANBRAE,450000,535000,555500,467500,616500,557500,573000,619000,790000,727500,700500,820000,
GRANTVILLE,218000,260000,235000,245000,215000,255000,250000,272500,339500,402500,397500,421000,
GREEN LAKE,230000,230000,247500,250000,262500,254500,281500,305000,280000,270000,290000,361000,
GREENSBOROUGH,440000,530000,519000,490500,534000,574000,635000,717000,830000,815000,797500,832500,
GREENVALE,476000,517500,545000,537000,550000,539500,500000,510000,650000,720000,715000,728000,
GROVEDALE,292000,335000,345000,340000,352000,362000,370000,400000,432000,495000,505000,551500,
HADFIELD,417500,530000,486000,430000,461500,500000,550000,624500,740500,740000,727500,712500,
HALLAM,328500,365000,360000,360000,362500,380000,424000,460500,580000,630000,560000,590000,
HALLS GAP,230000,257500,255000,233500,184500,224500,245000,272500,280000,355000,310000,400500,
HAMILTON,185000,203500,217500,189000,192500,200000,200000,217000,190000,225000,208500,250000,
HAMLYN HEIGHTS,295000,345000,348000,339500,363500,366500,382500,415000,500000,545000,540000,560000,
HAMPTON,1101000,1295000,1282500,1200000,1270000,1340000,1650000,1800000,2022500,1905000,1896000,1650000,
HAMPTON EAST,655000,813000,747500,732500,770000,862500,1020000,1200000,1340000,1230000,1195000,1252500,
HAMPTON PARK,295000,333000,335000,320000,330000,337500,370000,410000,505000,550000,502000,532000,
HARKNESS,283000,310000,336500,329000,330000,340000,350000,360000,419500,485000,475000,470000,
HASTINGS,300000,355000,350000,347000,345000,368000,365000,400000,507500,519500,506000,555000,
HASTINGS WEST,229500,265000,272000,282500,280000,277000,289500,338000,425000,480000,430000,561000,
HAWTHORN,1237500,1430000,1330000,1405000,1575000,1606500,1916500,2240000,2650000,2488000,2195500,2578000,
HAWTHORN EAST,1142500,1400000,1250500,1300000,1247500,1554000,1850000,1890000,2350000,2215000,2050000,1857500,
HEALESVILLE,312500,361500,380000,380000,385500,400000,445000,457000,550000,601000,579500,574000,
HEATHCOTE,190000,217000,200000,220000,227500,260000,240000,268500,275000,310000,332500,357500,
HEATHERTON,569000,625000,632000,630000,630000,712000,771000,845000,981000,935000,965000,890000,
HEATHMONT,435000,539500,509000,525000,589000,638000,760000,789000,925000,932000,871000,910000,
HEIDELBERG,730500,815000,770000,750000,772500,840500,1060000,1150000,1280000,1107500,1122500,1302000,
HEIDELBERG HEIGHTS,452000,560000,537500,500000,536500,564500,676500,750000,843000,820000,777500,752500,
HEIDELBERG WEST,374000,475000,420000,400000,425500,461000,580000,630000,730500,700000,665000,790000,
HEPBURN,315000,317000,310000,275000,291000,330000,395000,375000,440000,425000,452500,485000,
HEPBURN SPRINGS,343500,298000,308000,310000,340000,350000,380000,414000,515000,490000,595000,559000,
HERNE HILL,280000,321000,325000,321000,350000,357000,368500,402000,490000,550000,534000,560000,
HEYFIELD,155000,155000,175000,171500,200000,180000,182500,195000,178500,206500,195000,227500,
HEYWOOD,149000,172000,167500,153000,142000,150000,173000,160000,164000,166000,178000,176500,
HIGHETT,650000,760000,711000,682500,750000,850000,992500,1175000,1318500,1275000,1229500,1350000,
HIGHTON,385000,437000,450000,460000,477500,510000,505000,555000,622500,681000,690000,697000,
HILLSIDE (MELTON),355000,420000,415000,425000,430000,440000,470000,526500,620000,645000,642000,652500,
HOPETOUN,73500,63000,55500,81000,88000,95500,75000,80000,92000,86000,66000,142500,
HOPPERS CROSSING,283000,327500,328000,312500,321500,340000,365500,415000,516000,552000,528500,545000,
HORSHAM,176500,187000,210000,220000,215000,215000,240000,245000,262500,255000,269000,260000,
HUGHESDALE,695000,838000,740000,741500,820000,856000,1165000,1222500,1420000,1277500,1150500,1480000,
HUNTINGDALE,560000,642500,610000,590000,659000,728000,835000,924500,1132000,1010000,914000,1278000,
HUNTLY,261000,269500,250000,215000,337500,325000,355000,340000,335000,357500,367500,372500,
HURSTBRIDGE,402000,491000,457500,445000,482000,482000,547500,614500,714000,731000,700000,740000,
INDENTED HEAD,321500,360000,347000,430000,390000,385000,382500,395000,455000,575500,606000,728500,
INGLEWOOD,130000,170000,208500,186500,160000,145000,200000,152500,182500,180000,185000,250000,
INVERLEIGH,240000,230000,365000,246500,319500,321500,355000,360000,472500,528500,503000,500000,
INVERLOCH,379000,422500,450000,420000,431000,440000,425000,442500,495000,598000,592500,649000,
INVERMAY PARK,305000,337500,363500,370000,378000,387000,405000,377500,391000,465000,475000,497000,
IRONBARK,226500,232000,287000,280000,277000,280000,292500,365000,280000,320000,296000,465500,
IRYMPLE,215000,213500,228000,215000,248000,228500,268000,255000,291000,310000,380000,365000,
IVANHOE,802000,1032500,980000,907500,1100000,1203000,1125000,1400000,1515000,1600000,1540000,1422500,
IVANHOE EAST,958000,1415000,1300000,1200000,1310000,1513000,1542500,1764500,1975000,1914000,1765000,1990000,
JACANA,320500,391000,345000,310500,334000,342500,375000,423000,571500,555000,512500,510000,
JACKASS FLAT,262000,275000,255000,357500,287500,360000,350500,345500,299000,310000,331500,345000,
JAMIESON,193500,242500,215000,267500,205000,210000,258500,220000,266500,265000,311500,345000,
JAN JUC,467000,542500,587500,570000,555000,595000,615000,716000,850000,905000,870000,860000,
JEERALANG NORTH,161500,152000,129000,159500,145500,187500,175000,140000,248000,169500,235000,296000,
JEPARIT,66500,66000,101500,59000,80500,63000,89000,124000,66500,77000,81000,88000,
JUNCTION VILLAGE,276500,314500,287500,300000,312000,320000,370000,389000,436000,509000,483500,467500,
JUNORTOUN,431500,420000,425000,465000,490000,508500,417500,490000,512500,506500,530000,589000,
KALIMNA,266500,265000,312500,268000,230000,285000,300000,270000,276500,326500,292500,325000,
KALKALLO,-,215000,375000,272500,450000,450000,180000,432500,529500,550000,532500,540000,
KALLISTA,410000,450000,482000,452500,425000,465000,523000,567500,676000,737500,700000,564000,
KALORAMA,350000,440000,440000,420000,442500,451000,496000,533000,670000,686500,645000,642000,
KANGAROO FLAT,233000,252000,270000,284500,292500,300000,303000,300000,310000,325000,340000,370000,
KANGAROO GROUND SOUTH,515000,679500,606500,631000,615000,655000,650000,670000,853500,930000,815500,1080000,
KANIVA,96000,94000,90000,87000,75000,87500,100000,120000,157500,164000,169500,137500,
KEALBA,313500,385500,372500,375000,370000,390000,400000,470000,595000,612000,596000,600000,
KEILOR,510000,603000,570000,592500,572500,633000,703000,805000,845000,815000,836500,830000,
KEILOR DOWNS,370000,423000,405000,400000,403500,429000,496500,562000,667500,664000,630000,650000,
KEILOR EAST,454000,580000,587500,527500,560000,599000,651000,720000,843000,830000,835000,858000,
KEILOR LODGE,415000,460000,520000,480000,490000,500000,555500,607500,760000,715000,740000,NA,
KEILOR PARK,407500,514500,501000,480000,455000,512500,565000,650000,741000,770000,708000,660000,
KENNINGTON,265000,295000,306000,300000,351500,345000,334000,355000,372000,383500,373500,411000,
KENSINGTON,570000,676000,650000,650000,690000,730000,822000,908000,1022500,1020000,980000,1150000,
KERANG,147500,147500,150000,150000,152000,145000,152000,167000,160000,177000,170000,160000,
KEW,1390000,1650000,1650000,1500000,1751000,1950000,2080000,2200000,2320000,2337500,2255000,2200000,
KEW EAST,932000,1085000,1056000,1005000,1210000,1314000,1600000,1655000,1876000,1800000,1837000,1905000,
KEW NORTH,940000,1174000,1071000,995500,1260000,1301000,1665000,1805000,1905000,1852500,1833000,2307500,
KEYSBOROUGH,375000,417500,430000,425000,435000,456500,559500,650000,745000,768000,740000,745000,
KIALLA,320000,335000,360000,318500,360000,365000,367500,374000,390000,418000,450000,420000,
KILCUNDA,292500,350000,330000,350000,375000,320000,400000,480000,504000,496000,533000,662000,
KILLARA (WODONGA),212500,212500,212500,116500,351000,344000,360000,425000,400000,420000,453500,413000,
KILMORE,273500,327500,325000,312000,327500,319000,336500,333000,387500,440000,435000,467500,
KILSYTH,370000,432500,430000,415000,435000,460000,548500,620000,699000,686000,642500,700000,
KILSYTH SOUTH,438500,515500,520000,501000,542500,575000,676000,738000,845000,826000,761500,848000,
KINGLAKE,265000,280000,306500,310000,330000,318000,340000,346000,458000,480000,555000,630000,
KINGS PARK,285000,340000,330000,324000,315000,325000,355000,415000,532500,550000,510000,537500,
KINGSBURY,421000,519000,475000,437500,470000,502500,560000,610000,731000,730000,660000,700500,
KINGSVILLE,546500,630000,599500,597500,635000,703500,785000,925000,1020000,990000,1010000,875000,
KNOXFIELD,420000,471000,480000,465000,500000,580000,681000,740000,870000,815000,760000,829000,
KOO WEE RUP,280000,297000,334500,320000,315000,335000,345000,400000,450000,510000,550000,510000,
KOONDROOK,139000,239500,150000,165000,147500,155000,198500,165000,247500,268000,212500,215000,
KOROIT,210000,236000,266000,290000,275000,300000,296000,294000,325000,349000,345000,341000,
KORUMBURRA,214000,234000,237500,240000,236000,222500,262500,257500,292000,317500,319000,378000,
KURUNJANG,241500,288000,300000,281000,287000,280000,289500,310000,370000,435500,420500,440000,
KYABRAM,195000,209500,200000,217500,237000,235000,240000,234000,239000,261000,263000,270000,
KYNETON,269500,330000,370000,370000,369000,400000,425500,455000,495000,550000,595000,620000,
LAKE BOGA,149000,187000,212500,200000,200000,143500,245000,222500,182500,220000,239000,211500,
LAKE GARDENS,350000,387000,400500,385000,445000,445000,461000,485000,461500,575000,552500,635000,
LAKE TYERS BEACH,235000,286000,285000,274000,270000,354000,330000,268500,362500,300000,357500,400000,
LAKE WENDOUREE,404000,550000,627500,545000,634000,650000,685000,700000,790000,775000,836500,995000,
LAKES ENTRANCE,260000,256500,300000,251500,269500,254000,255500,280000,281500,328000,310000,320000,
LALOR,335000,387000,380000,360500,365000,385000,445000,499500,625500,625000,590500,627500,
LANCEFIELD,260500,281000,321000,315000,377500,362000,360000,360000,415000,456000,500000,510000,
LANG LANG,254000,260000,310000,277500,285000,295000,316500,355000,390000,475000,495000,530000,
LANGWARRIN,332000,395000,387500,375000,385000,420000,450000,503000,600000,642500,617500,644000,
LARA,280000,325000,327500,335000,350000,340000,348000,355000,430000,515000,495000,552500,
LARA LAKE,303000,340000,355000,355000,363500,398000,375000,395000,450500,527000,540000,542000,
LAUNCHING PLACE,284000,355000,343500,340000,330000,337500,366000,435000,490000,531000,554000,520000,
LAVERTON,310000,353000,340000,320000,325000,358000,377500,429500,535000,579000,529000,542500,
LAVERTON SOUTH,355000,410000,400000,390500,392500,422500,450000,528500,610500,646000,622500,665000,
LEARMONTH,217000,210000,260000,245000,220000,253500,222500,250000,315000,327000,331000,307000,
LENEVA,324000,394000,362000,382000,361500,372500,370500,376000,397500,387500,426000,455000,
LEONGATHA,253000,285000,282500,289000,300000,295500,305000,305000,320000,360000,367000,386000,
LEOPOLD,309000,346000,340000,350000,360000,366500,365000,407000,447000,500500,510000,540000,
LILYDALE,390000,438500,456000,420000,469000,480000,534000,633500,710500,708000,680000,708500,
LINTON,175000,152500,168500,187500,163500,208000,152000,202500,255000,236500,256500,337500,
LISMORE,110000,110000,145000,132500,110000,109000,115000,141500,155000,132500,144500,237500,
LOCH SPORT,151000,170000,165000,165000,166000,153500,145000,178000,182000,230000,244000,220000,
LOCKINGTON,124000,158000,146500,165000,175000,174000,220000,196000,149000,183000,222000,NA,
LONG GULLY,180000,210000,220000,220000,230000,255000,244000,240000,257000,269000,280000,269500,
LONGWARRY,246500,262500,275000,286500,289500,297500,307000,335000,378000,408500,405000,475500,
LORNE,755000,800000,840000,800000,840000,815000,895000,765000,1150000,1275000,1295000,1625000,
LOVELY BANKS,353500,365000,385500,402000,360500,406500,388500,470000,460000,525000,570000,445000,
LOWER PLENTY,590000,650000,587500,615000,680500,675000,770000,900000,980000,1055000,905000,1491500,
LUCAS,-,-,-,292500,348000,355000,389000,345000,349500,395000,431000,502500,
LUCKNOW,227500,234000,247500,200000,235000,229000,230000,244500,261500,280000,275000,502500,
LYNBROOK,380000,412000,424500,415000,430000,460000,500000,542500,595000,640000,623000,617500,
LYNDHURST,357000,435000,440500,450000,465000,482500,550000,585000,625000,695000,665000,687500,
LYSTERFIELD,496000,640000,642500,643500,681500,670000,780000,857500,995500,976500,956500,940000,
LYSTERFIELD SOUTH,821000,1027500,895000,830000,931500,1000000,1018500,1240000,1300000,1275000,1045000,NA,
MACEDON,385500,473000,434500,525000,490000,460000,532500,585000,696000,815000,800000,725000,
MACLEOD,491000,645000,600000,555000,647500,705000,755000,868000,950000,920000,914500,967000,
MACS COVE,167000,161000,176000,175500,244000,185000,189000,225000,240000,269500,300000,NA,
MADDINGLEY,258000,292500,300000,308000,316500,320000,332500,346000,395000,442000,460000,515000,
MAFFRA,200000,230500,230000,235000,229000,215000,230000,258000,251500,261500,255000,293000,
MAIDEN GULLY,336500,385000,408500,422500,440000,415000,430000,477000,471000,495500,512500,480000,
MAIDSTONE,465000,563500,540000,499000,535000,587500,630000,694000,825000,800000,779000,715000,
MALDON,245000,280000,267500,272500,315000,325000,339000,395000,426500,420000,510000,395000,
MALLACOOTA,272500,300000,263000,267500,285000,285000,288500,325000,345000,290000,406500,402500,
MALMSBURY,247500,314000,300000,332500,292500,317500,397500,344000,447000,462000,475000,560000,
MALVERN,1552000,1741500,1542500,1550000,1508500,1946000,2230000,2328500,2750000,2661000,2550000,2355000,
MALVERN EAST,952000,1188000,1120000,1039000,1200000,1380000,1610000,1729000,1838500,1900000,1770000,1610000,
MANANGATANG,85000,70000,40000,78000,58500,64000,42500,44500,40000,82000,97000,110000,
MANIFOLD HEIGHTS,410500,401000,449000,425000,532500,489000,489500,620000,721500,785500,715000,1437500,
MANOR LAKES,311500,348500,360000,345000,340500,360000,385000,417500,490000,526000,535000,555000,
MANSFIELD,250000,280000,301500,315000,364000,347000,367500,359000,385000,430000,456000,394000,
MARENGO,365000,540000,502500,450000,750000,382500,577500,599000,670000,597500,687500,810000,
MARIBYRNONG,610000,705000,645000,646000,714000,750500,837500,940000,1056000,1028500,987500,955000,
MARONG,219000,257500,285000,312500,310000,345000,364000,330000,348000,365000,420000,375000,
MARSHALL,297000,367500,322500,365000,360000,382500,377000,400000,430000,468000,486500,465000,
MARYBOROUGH,152000,160000,180000,184000,194000,200000,192500,206500,194000,229500,235500,245000,
MARYSVILLE,240000,340000,395500,145000,180000,125000,320000,332500,383000,477500,462500,NA,
MCCRAE,424000,560000,623000,555000,530000,535000,597500,689000,775000,847500,795000,770000,
MCKENZIE HILL,375000,350000,394000,465000,397000,140000,429500,475000,471500,495000,536500,538000,
MCKINNON,862500,970000,925000,944000,1025000,1220000,1500000,1657500,1720000,1555000,1525000,1875000,
MEADOW HEIGHTS,300000,345000,321500,315000,317000,322500,350500,370000,451000,510000,472500,481500,
MELTON,217500,250000,256000,250000,245000,240000,255000,280500,368500,415000,385000,390000,
MELTON SOUTH,215000,248500,247000,230000,230000,238000,260000,275500,377000,417000,390000,400500,
MELTON WEST,247000,285000,300000,283000,285500,290000,295000,330000,409000,453000,424000,475000,
MENTONE,598500,680000,692500,665000,705000,810000,950000,982500,1097500,1080000,1028000,972500,
MENZIES CREEK,343000,482500,475000,465000,515000,428000,580000,597000,640000,760000,682500,680000,
MERBEIN,151000,161000,157000,142500,140500,167000,180000,170000,183500,180000,210000,198500,
MERINDA PARK,277000,300000,305000,285000,310000,310000,345000,385000,471500,523000,477000,545000,
MERNDA,350000,390000,397000,374500,375000,370000,410000,430000,525500,573500,552000,535000,
MERRIJIG (MANSFIELD),332500,287500,342500,272500,332500,390000,292500,344000,420000,461000,422500,NA,
METUNG,260000,302000,267500,350000,337500,287500,299000,360000,347500,371500,425000,450000,
MICKLEHAM,-,-,-,-,213000,168000,385000,437000,500000,520000,525000,545000,
MIDDLE PARK,1300000,1512500,1345000,1420500,1587500,2125000,2317000,2238500,2370000,2650000,2705000,3555000,
MILDURA,205000,220000,222000,225000,225500,245000,252000,260000,264000,281500,310000,317500,
MILL PARK,366000,420000,410000,405000,408000,430500,480000,560000,668500,657000,654000,681000,
MILLGROVE,216500,234000,235000,235000,245000,260000,275000,293500,343000,411000,415000,440000,
MINERS REST,280000,320000,339000,325000,330000,327500,335000,334000,370000,400000,428000,434000,
MINYIP,86500,85000,82500,81000,73500,95000,93000,82500,94000,81000,114500,95000,
MIRBOO NORTH,230000,244000,257000,252000,265000,250000,262000,275000,264000,307500,327500,371500,
MITCHAM,505000,635000,595000,584500,650000,730000,886000,941000,1070000,1000000,942000,1085500,
MITCHELL PARK,229000,257000,247500,270000,267000,267500,260000,259000,263000,304500,313000,325000,
MOE,135000,150000,165000,165000,155000,170000,162500,173000,175000,200000,210000,232500,
MONBULK,325500,420000,392500,380000,395000,425000,471500,521500,608000,650000,630000,633500,
MONT ALBERT,1073500,1310000,1310000,1177500,1316000,1490000,1863000,1921000,2100000,1990000,1680000,2050000,
MONT ALBERT NORTH,792000,965000,850500,780000,995000,1100000,1400000,1490000,1565000,1435000,1380000,1720000,
MONTMORENCY,474000,580000,560000,561000,570000,614000,732000,780500,890000,926000,856000,904500,
MONTROSE,385500,440000,435000,426000,445000,476500,559000,625000,700500,737500,707500,711000,
MOONEE PONDS,678500,852500,780500,775000,830500,920000,1006000,1110500,1310000,1360000,1300000,1300000,
MOORABBIN,588500,710000,657000,631000,682000,768000,855000,980000,1160000,1127500,1050000,1211000,
MOOROOLBARK,370000,445000,435000,425000,440000,465000,558500,620000,726000,720000,670000,710500,
MOOROOPNA,205000,222000,215000,217500,207500,215000,230000,215500,225000,230000,249000,265000,
MORDIALLOC,575000,650000,660000,642500,680000,755000,850000,933000,1120000,1046500,1010000,1390000,
MORNINGTON,427500,512000,525000,501500,525000,558000,641000,745000,800000,850000,800000,825000,
MORTLAKE,153000,150000,146000,152000,129500,152500,120000,152000,170000,165000,164000,160000,
MORWELL,140000,152500,158500,150500,160000,150000,150000,153000,170000,167000,180000,177000,
MOUNT BEAUTY,180000,195000,173000,140000,180000,200000,189500,183000,258000,267500,294000,290000,
MOUNT CLEAR,236000,265000,287000,305000,286000,288000,322500,345000,345000,379000,396500,415000,
MOUNT DANDENONG,450000,476000,447500,476500,450000,610000,612500,641000,847000,647500,662000,785000,
MOUNT DUNEED,505000,267000,190000,480000,286000,532000,545000,425000,500000,555000,563000,565000,
MOUNT ELIZA,625000,732000,725000,680000,750000,777500,832000,950000,1137500,1220000,1157500,1280000,
MOUNT EVELYN,340000,390500,400000,393000,406000,428500,493500,551000,640000,671500,636000,705500,
MOUNT HELEN,307500,311000,355000,325000,344000,368000,342000,355000,376000,420000,418500,472500,
MOUNT MACEDON,476500,520000,512500,543000,662500,600000,635000,750000,665000,859000,775000,1036000,
MOUNT MARTHA,605000,691000,690000,715500,727500,745000,780000,965000,1050000,1202500,1252500,1230000,
MOUNT PLEASANT,211000,239000,248500,259000,276500,269500,293500,297500,293000,350000,377500,400000,
MOUNT WAVERLEY,691500,806000,745000,733000,820000,950000,1268000,1265000,1420000,1320000,1267000,1350000,
MULGRAVE,478500,550000,531000,533000,577500,627000,765500,786000,900500,860000,840000,928000,
MURCHISON,166500,175000,165000,183000,186000,155000,165000,187000,254500,225000,244500,358500,
MURRUMBEENA,755500,835000,822000,785000,870000,982500,1204000,1286000,1420000,1350000,1241500,1495000,
MURTOA,92500,85000,133000,108500,95000,110000,91000,97500,115000,110000,119000,132500,
MYRTLEFORD,190000,179000,219000,220000,220000,245000,242000,270500,265000,295000,315000,327500,
NAGAMBIE,210500,351500,248000,255000,312500,378000,360500,336000,330000,385000,414000,425000,
NARRE WARREN,321500,369000,364000,356000,370000,386000,430000,487500,590000,615500,590000,602500,
NARRE WARREN NORTH,645000,710000,730000,660000,685000,822500,773000,900000,1108000,1180000,1075000,1185000,
NARRE WARREN SOUTH,360500,405000,405000,405000,410000,440000,476000,530000,620000,636500,625000,643000,
NATHALIA,165000,155000,150000,205000,165000,190500,178000,185000,232500,210000,229000,227500,
NATIMUK,128500,120000,142500,116000,166000,145000,161000,165500,249500,158500,148500,370000,
NEERIM SOUTH,262500,240000,260000,265000,340000,336500,280000,330000,320000,406500,394000,655000,
NELSON,187000,266500,240000,205000,224000,203500,257500,220000,249500,255000,247500,210000,
NERRINA,300000,381000,387000,467500,455000,482500,522500,517500,570000,575000,617500,625000,
NEW GISBORNE,369000,465000,492000,475000,500000,510000,498000,545000,625000,757500,695000,715000,
NEWBOROUGH,173000,192500,186000,213500,213000,215000,220000,224500,220000,250000,256000,252000,
NEWCOMB,229000,280000,275000,275000,280000,292000,290500,310000,375000,455000,435000,464000,
NEWINGTON,253500,290500,290000,300000,320000,341000,345000,372500,422500,465000,495000,585000,
NEWLANDS ARM,280000,300000,332000,325000,320000,302000,332500,380000,380000,367500,444000,397000,
NEWPORT,560000,655000,680000,630000,695000,740000,825000,950000,1080000,1060000,1055000,1010000,
NEWSTEAD,197500,237500,243000,252000,300000,297500,365000,362000,420000,313000,436000,409500,
NEWTOWN (GREATER GEELONG),421000,559500,533000,527500,570000,620000,642500,712500,780000,843000,825000,1005000,
NHILL,124000,101500,107000,110000,110000,125000,128000,140000,126500,149000,137000,107500,
NICHOLS POINT,310000,217500,311500,232000,316500,304000,370000,396000,346000,470000,430000,435000,
NIDDRIE,595000,740000,742500,666000,700000,747500,832500,910000,1095000,1070000,1070000,845000,
NOBLE PARK,350000,415000,410000,382000,400000,440000,510000,600000,680000,680000,629000,653000,
NOBLE PARK NORTH,350000,415000,395000,370000,383000,420000,491500,563000,640000,660000,610000,656500,
NOOJEE,201500,220000,200000,206500,167000,174500,290000,208000,155000,255000,224000,411500,
NORLANE,160000,190500,203000,206500,202500,215000,216000,236500,290000,355000,349000,366500,
NORTH BENDIGO,206000,218000,230000,267000,271000,280000,286000,279000,302000,310000,325000,363500,
NORTH GEELONG,247000,308000,292500,286500,277000,301000,335000,338500,422000,495000,500000,653500,
NORTH MELBOURNE,605000,805000,750000,775000,802500,832000,926000,1200000,1390000,1182500,1297500,1135000,
NORTH WONTHAGGI,265000,285000,287000,256000,230000,268500,275000,259500,293000,369000,389000,390000,
NORTHCOTE,669000,822000,780000,786000,818000,935000,1008500,1190000,1325000,1345000,1300000,1265000,
NOTTING HILL,485000,563000,525500,547000,566500,660000,780000,872500,993000,957500,875500,1527000,
NUMURKAH,171500,178000,190500,200500,195000,215000,219000,195000,219000,225000,252500,232000,
NUNAWADING,511000,641000,585000,591500,637500,721500,880000,970000,1090000,986000,950000,1185000,
NYAH WEST,89000,97500,70000,116500,94000,107500,146500,130000,133500,135000,85000,110000,
NYORA,182500,237500,216500,225000,222500,265000,245000,300000,260000,340000,370000,472000,
OAK PARK,505000,641000,590000,540000,576500,626000,660000,822500,872000,878500,840000,703000,
OAKLEIGH,619000,741000,700000,645000,753500,801500,1002000,1050000,1210000,1250000,1101000,990000,
OAKLEIGH EAST,553500,675000,640000,610000,672000,820000,995000,983000,1200000,992500,942000,935000,
OAKLEIGH SOUTH,533500,630000,615000,590000,603000,700000,830000,890000,1030000,960000,908000,983000,
OCEAN GROVE,385000,427500,479000,465000,459000,515000,516500,555000,637000,690000,695000,682500,
OFFICER,340000,385000,396000,429000,342000,339000,375000,440000,480000,550000,550000,585000,
OFFICER SOUTH,-,-,-,-,-,-,-,-,283000,569500,686000,864000,
OLINDA,378500,452500,520000,445000,496000,520000,553500,620000,705000,760000,748000,690000,
ORBOST,155000,181000,151500,150000,156000,150000,145000,162500,159000,165000,185500,200000,
ORMOND,808000,970000,912500,857500,997500,1187500,1300000,1550000,1618000,1600000,1467500,1565000,
OSBORNE,425000,468000,488500,507500,530000,540500,580000,640000,735000,757000,780000,815000,
OUYEN,110000,103000,110000,116500,75000,77500,105500,130000,130000,93000,99000,114000,
PAKENHAM,305000,335000,340000,335000,335000,350000,367000,400000,470000,520000,485000,520500,
PARADISE BEACH,170000,152500,159500,212500,163500,178000,188500,200000,180000,199000,200000,249000,
PARK ORCHARDS,814000,945000,942500,953000,952500,1103000,1225000,1335000,1450000,1480000,1460000,1720000,
PARKDALE,625000,755000,756000,677000,760000,860000,965000,1100000,1300000,1245000,1155000,1200500,
PARKVILLE,1300000,1335000,1100000,1360000,1200000,1525000,1360500,2130000,2375000,2430000,1480000,1657500,
PASCOE VALE,508000,609000,575000,540000,580000,655000,720000,805000,891000,901000,858500,920000,
PASCOE VALE SOUTH,551000,655000,612500,629000,645500,701000,745000,840000,975000,955000,950000,929500,
PATTERSON GARDENS,523000,582500,605000,610000,620000,672000,739000,812000,885000,890000,920000,935000,
PATTERSON LAKES,526000,621000,625000,730000,645000,734000,787500,810000,1021500,1022500,923000,1300000,
PAYNESVILLE,275000,290000,323500,290000,283000,300000,302500,308000,335000,353000,339000,380000,
PEARCEDALE,328000,390000,405000,425000,385000,445000,470000,534000,607000,657500,670000,695000,
PENSHURST,142500,147500,165000,83000,144000,132500,191000,152000,125000,165000,165000,130000,
PETERBOROUGH,267500,291500,410000,333000,287500,307500,296500,340000,315000,450000,419000,425000,
PIONEER BAY,184500,235000,197500,235000,200000,220000,240000,216000,271500,308000,310000,319000,
PLENTY,715000,900000,730000,770000,773000,750000,915500,935000,1145000,1350000,1301000,959000,
POINT COOK,400000,435000,445000,435000,450000,445000,465000,505000,592000,631500,640500,650000,
POINT LONSDALE,555000,695000,670000,700000,700000,707500,655000,641000,775000,840000,827500,890000,
POOWONG,186500,210000,208000,185000,215000,218000,240000,325000,286000,315000,443000,285000,
POREPUNKAH,257500,320000,276000,285000,347000,280000,323000,330000,447000,464500,535000,467500,
PORT ALBERT,173500,250000,180000,235000,262500,190000,197500,218500,270000,240000,250000,461000,
PORT FAIRY,331500,392000,380000,410000,400000,425000,447500,473500,500000,651000,630000,632500,
PORT FRANKLIN,215000,216000,205000,232000,190000,173500,277500,207500,280000,257000,302500,323500,
PORT MELBOURNE,845000,1017500,915000,960000,995000,917500,1252500,1380000,1497500,1488000,1375000,1780000,
PORT WELSHPOOL,186000,205000,195000,266000,201500,244000,200000,380000,247500,295000,315000,365000,
PORTARLINGTON,347500,380000,425000,389000,390000,414500,409000,460000,515000,640000,621500,619000,
PORTLAND,195000,220000,236500,227500,235000,210000,220000,220000,230000,234500,267500,320000,
PORTLAND NORTH,225000,115000,215000,226500,300000,248000,330000,340000,360000,367500,276000,541000,
PORTSEA,1100000,1387500,1625000,1398000,1195000,1305000,1800000,1701000,1925000,2180000,1950000,2515000,
PRAHRAN,879000,940000,955000,932500,990000,1175000,1350000,1436000,1527500,1578000,1510000,1785000,
PRESTON,518000,615000,602000,580000,632500,690000,791000,882000,996000,980000,936500,1010000,
PRINCES HILL,871000,1027500,967500,928500,1216500,1210000,1280000,1555000,1767500,1650000,2035000,1375500,
PYRAMID HILL,101000,122500,91000,100000,112500,117000,112500,112500,112500,100000,120000,115000,
QUARRY HILL,251500,295500,292500,300000,385000,355000,377500,349000,362000,407500,395000,369000,
QUEENSCLIFF,579500,680000,590000,697500,630000,695000,700000,795000,763000,950000,950000,990000,
RAINBOW,69000,70000,71500,69000,62000,77000,68000,59500,82500,99000,75000,77500,
RAWSON,156500,157000,161000,141500,160500,100000,147000,151000,146500,164000,156000,120000,
RAYMOND ISLAND,242000,277500,262500,310000,297500,280000,285000,330000,289500,360000,300000,525000,
RED CLIFFS,145000,160000,170000,157000,163000,157500,175000,165000,223500,211500,217500,240000,
REDAN,197000,230000,227500,237000,250000,245000,247000,255000,287500,330000,357000,365000,
RESEARCH,536500,614500,657000,622500,605500,685000,686000,825500,950000,915000,930000,1515000,
RESERVOIR,430000,520000,500000,468500,510000,541000,615000,710000,816000,790000,750000,827000,
RHYLL,400000,410000,415000,400000,393000,482000,402000,460000,527500,657500,565000,510000,
RICHMOND,726000,875500,825000,823000,900000,961000,1150000,1265000,1302500,1311000,1255000,1220000,
RIDDELLS CREEK,310000,387500,449000,380000,450000,417500,456500,500000,580000,675000,695000,680000,
RINGWOOD,455500,553500,506000,503500,551000,660000,777500,837500,910500,900000,813500,899000,
RINGWOOD EAST,442000,530500,520000,490000,547000,612000,750000,806000,901000,881000,809000,975500,
RINGWOOD NORTH,488500,580000,569000,564000,631000,662000,783500,844000,960500,920000,871000,870000,
RIPPLESIDE,372500,590000,510000,414000,585000,530000,640000,739000,671500,750000,810000,768500,
ROBINVALE,185000,145000,136000,176000,150000,160000,184500,170000,198500,220000,225000,198500,
ROCHESTER,175000,155000,185000,210000,189500,215000,235000,239000,242500,236000,255000,250000,
ROCKBANK,215000,237000,251000,262000,309000,280000,300000,347000,446000,500000,497000,480000,
ROMSEY,302500,350000,360000,367500,387500,396000,420000,428000,470000,550000,580500,627500,
ROSANNA,586000,706000,725000,652500,717500,781500,905000,980000,1175000,1100000,1042500,1122500,
ROSEBUD,308000,355000,360000,350000,366000,365000,389000,445000,536000,590000,545000,587500,
ROSEBUD SOUTH,347500,419500,460000,450000,425000,500000,514500,546000,647500,710000,682500,842500,
ROSEDALE,165000,185000,189000,208500,215000,215000,197000,230000,255000,280000,247000,210000,
ROWVILLE,467500,540000,527500,530000,570000,617500,710000,778000,867000,840000,820500,801500,
ROXBURGH PARK,340000,371000,360000,355000,365000,385000,400000,435000,515000,546000,540000,577500,
RUSHWORTH,150000,156500,155000,190000,161000,158000,177000,200000,192500,198000,197500,185000,
RUTHERGLEN,176000,175000,207000,235000,232000,195000,230000,255000,262000,270000,280000,330000,
RYE,380000,436000,440000,422000,425000,460000,488000,550000,658000,705000,690000,700500,
SAFETY BEACH,409000,497500,553000,551000,515000,516500,595000,665000,780000,849000,785000,980000,
SAILORS GULLY,192500,213500,265000,257500,253000,262500,235000,225000,232000,290000,280000,211000,
SALE,250000,276500,291500,274000,290000,300000,298000,295500,300000,308000,325000,341000,
SAN REMO,362000,445000,411000,402500,410000,407000,420000,460000,497000,515000,554500,670000,
SANCTUARY LAKES,455500,465000,475000,512500,480000,482500,570000,503000,629000,630000,620000,600000,
SANDHURST,353500,460000,509000,510000,545000,549000,617500,678500,730000,837500,815000,785000,
SANDRINGHAM,1032500,1200000,1202500,1175000,1210000,1305000,1490000,1760000,1870000,1850000,1650000,1770000,
SANDY POINT,300000,338000,375000,355000,352500,380000,370000,359000,407500,410000,410000,517500,
SASSAFRAS,427500,507000,497500,397500,632500,556000,562000,653500,775500,750000,805000,768000,
SCORESBY,396000,488000,472000,480000,509000,570000,661000,700000,878500,835000,767000,790000,
SEA LAKE,65000,62500,112000,65000,80000,75000,95000,75000,70000,110000,100000,117500,
SEABROOK,350000,415000,407500,403500,422500,402500,456000,509000,635000,672500,626500,655000,
SEAFORD,355000,412500,415000,392500,419000,450000,475000,581500,700500,695000,655000,681500,
SEAHOLME,663000,565000,630000,600000,641000,670000,802500,872500,1157500,1015000,1020000,1270000,
SEASPRAY,145000,239000,165000,192500,152000,164000,240000,175000,215000,210000,265000,443000,
SEBASTOPOL,212000,226000,228000,239500,242000,235500,244500,248000,256000,289500,315000,350000,
SEDDON,515000,645500,620500,670000,675000,730000,830000,934500,982500,1018500,960000,1038000,
SELBY,385000,407000,421500,410000,420000,420000,469500,527500,600000,637500,601500,680000,
SEVILLE,335500,387500,380000,380000,400000,397500,450000,511500,611500,634500,620000,625500,
SEVILLE EAST,317500,342500,364500,342500,339500,350000,395000,440000,482500,551500,580000,NA,
SEYMOUR,184000,215000,190000,220000,220000,213000,225000,242500,277000,295000,300000,300000,
SHEPPARTON,228500,251000,242500,240000,247000,243000,250000,265000,261000,275000,282000,283000,
SHEPPARTON NORTH,-,360000,330500,284000,346000,375000,348000,361000,347000,334000,393000,453000,
SHOREHAM,692500,581000,585000,618000,607000,620000,903000,868500,970000,1160000,1500000,1560000,
SILVERLEAVES,390000,497500,500000,505000,508000,460500,484000,446500,515000,721000,618500,571000,
SKENES CREEK,450000,500000,370000,532500,465000,435000,491500,520000,517000,580000,667500,855000,
SKIPTON,110000,152000,160000,149000,155000,117500,137000,169000,187500,159500,200000,212000,
SKYE,330000,375000,385000,390000,395000,413000,430000,480000,570000,611000,600000,630000,
SMITHS BEACH,325000,442500,380000,430000,372500,390000,455000,470000,458500,589000,624500,560000,
SMYTHESDALE,127500,210000,259000,207500,260000,207500,225000,250000,315000,290000,340000,121000,
SOLDIERS HILL,227500,265000,278000,292500,283000,341000,310000,375000,423500,447500,480000,548000,
SOMERS,495000,615000,615000,692500,657500,755000,696500,755500,820000,888500,950000,835000,
SOMERVILLE,326000,370000,375000,360000,385000,395000,425000,465000,580000,615000,600000,603000,
SORRENTO,680000,850000,905000,730000,770000,795000,859000,1130000,1300000,1377500,1465000,1360000,
SOUTH DUDLEY,210500,235500,230000,216500,192000,200500,221500,256000,233500,270000,339000,297500,
SOUTH GEELONG,384500,420000,382500,430000,420500,470000,425000,495000,650000,676000,702500,687500,
SOUTH KINGSVILLE,509000,650000,620000,610000,619500,671000,742000,903000,980000,1000000,859000,990000,
SOUTH MELBOURNE,918500,960000,925000,930000,1030000,1200000,1310000,1595000,1520000,1465000,1355000,1412500,
SOUTH MORANG,365000,411000,410000,420000,415000,420000,450000,502000,610500,635000,625500,655000,
SOUTH YARRA,1293000,1375000,1125000,1238000,1352500,1450000,1680000,1875000,2015000,1851000,1767500,1817500,
SPOTSWOOD,507000,635000,602500,655000,680000,640000,795000,917500,1027500,1080000,960000,1135000,
SPRING GULLY,296000,294000,320000,340000,345000,350000,350000,350000,390000,400000,386500,375000,
SPRINGVALE,408000,490000,470000,448000,451500,530000,629500,685000,750000,780000,743000,800000,
SPRINGVALE SOUTH,374000,450500,420000,408000,430000,475000,562000,630000,720000,720000,678000,712000,
ST ALBANS,310000,385000,387000,348000,350000,373500,428000,500000,621000,626500,590000,590000,
ST ALBANS PARK,268500,298000,310000,307500,335000,330000,329000,331000,379000,450000,422000,445000,
ST ANDREWS BEACH,522500,495000,550000,714000,480000,495000,560000,695000,855000,902500,930000,992500,
ST ARNAUD,125000,131000,125000,123000,140000,145000,141000,142500,145000,145000,175000,155000,
ST HELENA,490500,562000,570000,550500,612500,623000,711000,800000,893500,910000,905000,990000,
ST KILDA,825000,930000,860000,861000,892000,1225000,1164000,1305000,1551000,1755000,1600000,1271500,
ST KILDA EAST,861000,1041000,962500,993000,1050500,1037500,1382500,1677500,1460000,1620000,1560000,1709500,
ST KILDA WEST,1360000,1925000,1700000,1262500,1142500,2235000,2013000,1797000,2380000,1942500,2078500,NA,
ST LEONARDS,285000,350000,389000,363000,350000,357000,375000,421500,469000,571500,562500,501000,
STANHOPE,133000,160000,152000,175000,150000,131000,152500,147000,181000,161500,174000,180000,
STAWELL,145000,155000,147000,167000,162500,172500,177000,177000,188000,190000,189000,220000,
STRATFORD,230000,207500,242500,267500,230000,261500,260500,272500,265000,258000,316500,320000,
STRATHDALE,297500,331000,369500,361000,392500,380000,410500,445000,380000,420000,453500,543000,
STRATHFIELDSAYE,305000,357000,370000,359000,377000,397500,408000,425000,455000,444000,476500,533500,
STRATHMERTON,150000,165000,107500,164500,166000,172500,190000,182500,140000,187500,195000,NA,
STRATHMORE,750000,870000,820000,800000,827500,865000,997500,1140000,1230000,1357500,1310000,995000,
STRATHMORE HEIGHTS,466500,598500,700000,605000,621000,640000,700000,808000,970000,885000,800000,650000,
STRATHTULLOH,-,-,-,191000,350000,440000,425000,430000,359000,425000,515000,449500,
STUDFIELD,430000,525000,470000,480500,532500,617500,785000,853000,957500,906000,811000,870000,
SUNBURY,297000,343000,360000,350000,355000,360000,370000,395000,492000,545000,535000,555000,
SUNDERLAND BAY,257000,315000,280000,265000,324500,333000,287000,360000,357500,455000,412000,511000,
SUNNYCLIFFS,202500,109000,70000,200000,195000,307500,185000,220000,228000,218000,239000,245000,
SUNSET STRIP,250000,286000,286500,286500,301500,310000,301500,340000,345000,390000,460000,510500,
SUNSHINE,390000,458000,430000,400000,435000,483500,530500,675000,765000,735000,720000,830000,
SUNSHINE NORTH,360000,425000,420000,395000,400000,425500,495000,560000,651000,682500,630000,652500,
SUNSHINE WEST,344500,400000,391500,375000,384500,395000,450000,520000,639500,635000,635000,648000,
SURF BEACH,289000,332000,350000,350000,375000,360000,355000,414000,425000,480000,510000,510000,
SURREY HILLS,1012000,1204000,1212000,1121500,1323000,1450000,1750000,1800500,2170000,1900000,1886500,1650000,
SWAN HILL,235500,230000,225000,225000,225000,230000,248000,262500,252000,267000,285000,315000,
SYDENHAM,370000,399000,420500,415000,425000,415000,440000,505000,590000,620000,599500,600500,
SYNDAL,760000,880500,850000,778000,950500,1160000,1505000,1410000,1585000,1530000,1524500,2147500,
TALLANGATTA,181000,186000,175000,185000,154000,200000,233000,216000,275000,245000,251500,325000,
TARNEIT,325000,360000,369000,356000,370000,395000,400000,445000,515000,568500,555000,549000,
TATURA,194500,220000,215000,229500,230000,237500,233000,228000,262000,250000,276500,275000,
TAWONGA,235000,265000,260000,231000,310000,375000,235000,275000,265000,354000,460000,370000,
TAWONGA SOUTH,245000,216000,230000,255000,219500,235000,257500,298000,254000,310000,400000,377500,
TAYLORS HILL,375500,425000,420000,480000,487500,510000,530000,600000,686000,723000,702500,680500,
TAYLORS LAKES,420000,467500,500000,477500,490000,510000,561500,635000,720000,763500,748500,742500,
TECOMA,375000,400000,427500,412000,415000,478000,510000,601500,709000,700000,662500,727500,
TEMPLESTOWE,727500,805000,804000,811000,865000,951500,1180000,1270000,1415000,1308000,1276500,1553000,
TEMPLESTOWE LOWER,630000,730000,711500,670000,750000,830000,1060000,1105500,1302000,1150000,1080000,1215000,
TERANG,153500,179000,160000,155000,161500,195000,206500,150000,188500,194000,190000,203500,
THE BASIN,370000,430000,400000,410000,430000,463500,550000,595000,610000,682500,695000,801000,
THE HONEYSUCKLES,154000,177500,236000,215000,214000,190000,160000,237000,265000,290000,336000,262500,
THE PATCH,390000,444500,470000,417500,393500,486500,505000,570500,665000,730000,755000,NA,
THOMASTOWN,354500,418000,400000,365000,390000,420000,436000,493000,653000,636000,592000,629000,
THOMSON (GREATER GEELONG),215000,270000,281500,273500,282000,290000,290000,308500,365000,411000,400500,425000,
THORNBURY,602500,720000,690000,715500,729000,840000,918000,1079500,1225000,1145000,1135000,1158000,
THORNHILL PARK,-,-,-,-,-,-,-,720000,447000,530000,535000,550000,
TIMBOON,202500,187000,211500,212500,184000,210000,240000,215000,220000,247000,260000,405000,
TONGALA,158500,158500,154000,175000,185000,179000,165000,204000,200000,275000,234500,212500,
TOONGABBIE,221000,260000,230000,212500,234000,261500,235000,315000,286500,280500,270000,225000,
TOORA,155000,175000,220000,210000,171500,155000,230000,195000,190000,241500,275000,222500,
TOORADIN,317000,420000,365000,380000,420000,480000,471000,411000,599000,702000,700000,535000,
TOORAK,2710000,2590000,2617500,2775000,2875000,3391000,3987500,4900000,5100000,4700000,4361000,4500000,
TOOTGAROOK,315000,370000,373500,390000,387000,402500,405000,460000,591000,600500,580000,550000,
TORQUAY,475000,533000,563500,565000,580000,580000,620000,665000,720000,810000,820000,800000,
TRAFALGAR,216000,248500,271500,285000,283000,311000,310000,312500,333500,375000,397500,420000,
TRARALGON,230000,257000,270000,260000,269000,275000,273000,268500,288500,298000,325000,311000,
TRARALGON EAST,380000,388000,405000,402500,435000,440000,432500,445000,455000,425000,470000,474500,
TRAVANCORE,640000,673000,672000,810000,905000,848000,1000000,1305000,1415000,1475000,1125000,NA,
TRENTHAM,237500,300000,287000,331500,407500,340000,422500,455000,475000,603000,614000,632500,
TRUGANINA,325000,345000,357000,341500,360000,390000,391000,430000,519500,574500,575000,580000,
TULLAMARINE,380000,440000,420000,393500,395000,412000,472500,530000,655000,665500,612000,645500,
TYABB,292500,347000,350500,372500,370500,366000,395000,430000,510500,548000,580500,560000,
TYLDEN,215000,322000,347500,325000,338500,410000,350000,372500,412500,500000,492500,505000,
UPPER FERNTREE GULLY,350000,427500,400000,410000,435000,500000,515000,582000,685000,700000,642500,700000,
UPWEY,380500,415000,415000,422500,425000,476000,515000,585000,680000,710000,702500,792500,
VENTNOR,383500,380000,365000,363500,370000,377500,423500,420000,465000,490000,535000,560000,
VENUS BAY,238000,239000,265500,238500,242500,237000,236000,258000,262500,305000,330000,350000,
VERMONT,520000,610000,552500,571000,610000,725000,855000,900000,1057500,979000,937000,1038000,
VERMONT SOUTH,590000,694500,674000,654500,722500,815000,1000000,1082500,1200500,1150000,1166500,1220000,
VIEWBANK,524500,631500,604500,589000,630000,725000,829500,920000,1000000,933000,920000,980000,
VIOLET TOWN,180000,172500,170000,204500,215000,199500,200000,238500,217000,242500,287500,279000,
WAHGUNYAH,190000,245000,190000,244000,190000,213500,267000,290000,270000,240000,355000,395000,
WALKERVILLE,176000,235000,229500,280000,279000,230000,247000,283500,275000,266500,334500,285000,
WALLAN,288000,330000,350000,335000,341500,356500,362000,375000,425000,490000,477500,485000,
WALLAN EAST,230000,292500,305000,317000,310000,306000,309500,352500,410000,489000,450000,445000,
WANDANA HEIGHTS,460000,540000,592500,557500,540000,582000,590000,592500,645000,700000,766500,990000,
WANDIN NORTH,335000,411000,380500,379000,407500,439500,480000,496500,665000,665000,627500,695000,
WANGARATTA,228500,241000,240000,240000,240000,255000,272000,270500,270000,320000,319000,325000,
WANTIRNA,455000,545000,528000,515000,576000,667500,764000,801000,953000,915000,860000,921000,
WANTIRNA SOUTH,535000,575000,582000,542500,579000,676500,829000,875000,1005000,1000000,988500,1085000,
WARBURTON,259000,300000,315000,300000,310000,315000,325000,366000,418000,495000,515000,530000,
WARNEET,275000,332500,295000,284000,337000,355000,395000,390000,485000,534000,512500,600000,
WARRACKNABEAL,90000,88000,115000,105000,107500,110000,110000,123500,113000,112500,118000,123000,
WARRAGUL,247000,280000,295000,300000,315000,320000,342000,340000,364000,449000,460000,470000,
WARRANDYTE,575000,635000,657000,620000,640000,760000,829000,890000,1042500,1110000,987500,950000,
WARRANWOOD,553000,633500,632500,654000,603000,665000,790000,865000,945000,1010000,935000,890000,
WARRNAMBOOL,295000,320000,320000,316500,325000,323000,330000,320000,330000,350000,370000,391500,
WATERWAYS,535000,604000,688000,682000,667000,845000,902000,1050000,1127500,1110000,1270000,1475000,
WATSONIA,431000,505000,500000,462000,505000,555000,607500,698000,835000,795000,736000,765000,
WATSONIA NORTH,435000,529000,470500,462000,510000,572500,635000,702500,790000,775000,726500,770000,
WATTLE GLEN,450000,490000,569500,527000,475000,500500,569000,580000,620000,810000,778500,918000,
WAURN PONDS,375000,435000,421000,452500,446500,470000,480000,501000,530000,621500,641500,575000,
WEDDERBURN,70000,140000,123000,122500,154000,137500,110000,150000,155000,130000,138500,125000,
WEIR VIEWS,-,-,-,407000,327500,388000,389000,418000,440000,471000,462500,465000,
WENDOUREE,205000,230000,235000,236500,243000,247000,250000,252500,267500,326000,335000,365000,
WENDOUREE WEST,163500,186000,166000,167500,200000,165000,207500,185000,200000,245000,257500,300000,
WERRIBEE,263500,308500,315000,300000,308500,315000,335000,403000,470000,510000,510000,510000,
WERRIBEE SOUTH,420000,399000,436000,440000,538000,585000,680000,519000,620000,735000,744500,590000,
WESBURN,278000,330000,327000,290000,312500,288500,395000,455000,455000,463500,530000,665000,
WEST FOOTSCRAY,478000,558500,525000,532500,553000,637500,697000,798000,890000,875000,787500,852500,
WEST MELBOURNE,762000,816000,885000,720000,905000,916000,1005000,1104500,1370000,1370000,1085000,1500000,
WEST WODONGA,265000,283000,275000,267500,272500,296000,306000,308500,321000,321000,342500,394000,
WESTALL,415000,510000,490000,475500,513500,550000,610000,696000,765000,802500,730000,739000,
WESTGARTH,765000,891500,951000,840000,920000,1100000,1300000,1500000,1383000,1707500,1505000,1600000,
WESTMEADOWS,346000,410000,397500,377500,386500,419000,470000,500000,566000,620000,620000,534500,
WHEELERS HILL,615000,686500,650000,669000,740000,805000,999000,1050000,1160000,1118500,1009000,1255000,
WHITE HILLS,220000,253500,265000,275000,280000,306000,297500,305000,300000,313500,330000,315000,
WHITTINGTON,207500,245000,265000,252000,259000,262000,280000,265000,316500,395000,377500,409500,
WHITTLESEA,330000,345000,372500,365000,375000,375000,400000,448500,469500,577500,577500,593500,
WILLAURA,99000,110000,97000,98000,80000,112000,129500,85000,100000,117500,110000,156500,
WILLIAMS LANDING,355000,367500,371000,450000,470000,450000,510000,530000,600000,685000,660000,670000,
WILLIAMSTOWN,800000,884000,900000,901000,920000,970000,1120000,1282500,1440000,1430000,1350000,1570000,
WILLIAMSTOWN NORTH,500000,680000,839000,680000,768000,803500,862500,1135500,1024000,860000,915000,955000,
WIMBLEDON HEIGHTS,260000,299000,259000,290000,271500,310000,291500,299000,334000,410000,386500,405000,
WINCHELSEA,206000,235000,260000,268500,287000,287500,262000,267000,357000,391000,430000,525500,
WINDSOR,781500,900000,824000,818000,835000,956500,1094000,1505000,1425000,1422500,1350000,1501000,
WINTER VALLEY,306000,325000,329000,353500,344500,360000,365000,362500,375000,405000,435000,485000,
WODONGA,240000,262000,279500,255500,282500,296500,295000,315000,341500,350000,330500,356500,
WOLLERT,403000,425000,450000,410000,400000,395000,430000,460000,530000,570000,577500,593500,
WONGA PARK,667000,620000,672500,622500,674500,673500,735000,801000,962500,1150000,1111000,1001000,
WONTHAGGI,250000,275000,257500,229000,230000,251000,260000,265000,289000,339000,375000,370000,
WOODEND,339500,480000,475000,430000,470000,460000,482500,460000,560000,665000,747500,620000,
WOOLAMAI WATERS,280000,340000,350000,350000,349500,381500,340000,377000,418000,469500,495500,570000,
WOORI YALLOCK,278000,300000,312000,315000,330000,317000,358000,391500,480000,520000,510000,527500,
WY YUNG,269000,289000,288500,325000,285000,285000,290000,333500,328000,315000,349000,323000,
WYCHEPROOF,115000,86000,86000,96500,95000,103000,100000,82500,100000,124500,141500,170000,
WYE RIVER,635000,760000,680000,557500,813000,646500,530000,1025000,718500,870000,1300000,1042500,
WYNDHAM VALE,261000,296000,290000,286500,288500,306000,325000,365000,436000,480000,465000,468500,
YACKANDANDAH,225000,289500,290000,272500,327500,318000,300000,392500,446000,472500,497500,NA,
YALLAMBIE,442500,507000,506000,471000,532500,580000,665000,713500,781000,810000,792500,950000,
YALLOURN NORTH,120000,145000,139000,161000,135000,149500,153000,165500,180000,173500,191000,142500,
YARRA GLEN,370000,415000,425000,395000,420000,460000,530000,540000,620000,670000,670000,815000,
YARRA JUNCTION,292000,352500,365000,397000,406500,357500,417500,422500,535000,570000,582500,528000,
YARRAGON,196500,206000,255000,266000,258000,297000,284000,300000,280000,390000,410000,434000,
YARRAM,180000,166000,195500,215000,190000,202500,245000,230000,225000,218000,240000,260000,
YARRAVILLE,541000,647000,607000,613000,696000,710000,810000,900500,1000000,1045000,971000,950000,
YARRAWONGA,270000,297000,270000,300000,302500,297000,300500,320000,324500,345000,375000,398000,
YEA,214000,240000,270000,255000,260000,255000,260000,305000,386500,392500,435500,416500,
YINNAR,183000,280500,208000,221500,220000,240000,182500,230000,270000,245000,255000,237500,